{
	"name" : "Россия",
	"children" : [
		{
			"name" : "Адыгея",
			"children" : [
				"Адыгейск",
				"Майкоп"
			]
		},
		{
			"name" : "Алтай",
			"children" : [
				"Горно-Алтайск"
			]
		},
		{
			"name" : "Алтайский край",
			"children" : [
				"Алейск",
				"Барнаул",
				"Белокуриха",
				"Бийск",
				"Горняк",
				"Заринск",
				"Змеиногорск",
				"Камень-на-Оби",
				"Новоалтайск",
				"Рубцовск",
				"Славгород",
				"Яровое"
			]
		},
		{
			"name" : "Амурская область",
			"children" : [
				"Белогорск",
				"Благовещенск",
				"Завитинск",
				"Зея",
				"Райчихинск",
				"Свободный",
				"Сковородино",
				"Тында",
				"Шимановск"
			]
		},
		{
			"name" : "Архангельская область",
			"children" : [
				"Архангельск",
				"Вельск",
				"Каргополь",
				"Коряжма",
				"Котлас",
				"Мезень",
				"Мирный",
				"Новодвинск",
				"Няндома",
				"Онега",
				"Северодвинск",
				"Сольвычегодск",
				"Шенкурск"
			]
		},
		{
			"name" : "Астраханская область",
			"children" : [
				"Астрахань",
				"Ахтубинск",
				"Знаменск",
				"Камызяк",
				"Нариманов",
				"Харабали"
			]
		},
		{
			"name" : "Башкортостан",
			"children" : [
				"Агидель",
				"Баймак",
				"Белебей",
				"Белорецк",
				"Бирск",
				"Благовещенск",
				"Давлеканово",
				"Дюртюли",
				"Ишимбай",
				"Кумертау",
				"Межгорье",
				"Мелеуз",
				"Нефтекамск",
				"Октябрьский",
				"Салават",
				"Сибай",
				"Стерлитамак",
				"Туймазы",
				"Уфа",
				"Учалы",
				"Янаул"
			]
		},
		{
			"name" : "Белгородская область",
			"children" : [
				"Алексеевка",
				"Белгород",
				"Бирюч",
				"Валуйки",
				"Грайворон",
				"Губкин",
				"Короча",
				"Новый Оскол",
				"Старый Оскол",
				"Строитель",
				"Шебекино"
			]
		},
		{
			"name" : "Брянская область",
			"children" : [
				"Брянск",
				"Дятьково",
				"Жуковка",
				"Злынка",
				"Карачев",
				"Клинцы",
				"Мглин",
				"Новозыбков",
				"Почеп",
				"Севск",
				"Сельцо",
				"Стародуб",
				"Сураж",
				"Трубчевск",
				"Унеча",
				"Фокино"
			]
		},
		{
			"name" : "Бурятия",
			"children" : [
				"Бабушкин",
				"Гусиноозёрск",
				"Закаменск",
				"Кяхта",
				"Северобайкальск",
				"Улан-Удэ"
			]
		},
		{
			"name" : "Владимирская область",
			"children" : [
				"Александров",
				"Владимир",
				"Вязники",
				"Гороховец",
				"Гусь-Хрустальный",
				"Камешково",
				"Карабаново",
				"Киржач",
				"Ковров",
				"Кольчугино",
				"Костерёво",
				"Курлово",
				"Лакинск",
				"Меленки",
				"Муром",
				"Петушки",
				"Покров",
				"Радужный",
				"Собинка",
				"Струнино",
				"Судогда",
				"Суздаль",
				"Юрьев-Польский"
			]
		},
		{
			"name" : "Волгоградская область",
			"children" : [
				"Волгоград",
				"Волжский",
				"Дубовка",
				"Жирновск",
				"Калач-на-Дону",
				"Камышин",
				"Котельниково",
				"Котово",
				"Краснослободск",
				"Ленинск",
				"Михайловка",
				"Николаевск",
				"Новоаннинский",
				"Палласовка",
				"Петров Вал",
				"Серафимович",
				"Суровикино",
				"Урюпинск",
				"Фролово"
			]
		},
		{
			"name" : "Вологодская область",
			"children" : [
				"Бабаево",
				"Белозерск",
				"Великий Устюг",
				"Вологда",
				"Вытегра",
				"Грязовец",
				"Кадников",
				"Кириллов",
				"Красавино",
				"Никольск",
				"Сокол",
				"Тотьма",
				"Устюжна",
				"Харовск",
				"Череповец"
			]
		},
		{
			"name" : "Воронежская область",
			"children" : [
				"Бобров",
				"Богучар",
				"Борисоглебск",
				"Бутурлиновка",
				"Воронеж",
				"Калач",
				"Лиски",
				"Нововоронеж",
				"Новохопёрск",
				"Острогожск",
				"Павловск",
				"Поворино",
				"Россошь",
				"Семилуки",
				"Эртиль"
			]
		},
		{
			"name" : "Дагестан",
			"children" : [
				"Буйнакск",
				"Дагестанские Огни",
				"Дербент",
				"Избербаш",
				"Каспийск",
				"Кизилюрт",
				"Кизляр",
				"Махачкала",
				"Хасавюрт",
				"Южно-Сухокумск"
			]
		},
		{
			"name" : "Еврейская АО",
			"children" : [
				"Биробиджан",
				"Облучье"
			]
		},
		{
			"name" : "Забайкальский край",
			"children" : [
				"Балей",
				"Борзя",
				"Краснокаменск",
				"Могоча",
				"Нерчинск",
				"Петровск-Забайкальский",
				"Сретенск",
				"Хилок",
				"Чита",
				"Шилка"
			]
		},
		{
			"name" : "Ивановская область",
			"children" : [
				"Вичуга",
				"Гаврилов Посад",
				"Заволжск",
				"Иваново",
				"Кинешма",
				"Комсомольск",
				"Кохма",
				"Наволоки",
				"Плёс",
				"Приволжск",
				"Пучеж",
				"Родники",
				"Тейково",
				"Фурманов",
				"Шуя",
				"Южа",
				"Юрьевец"
			]
		},
		{
			"name" : "Ингушетия",
			"children" : [
				"Карабулак",
				"Магас",
				"Малгобек",
				"Назрань"
			]
		},
		{
			"name" : "Иркутская область",
			"children" : [
				"Алзамай",
				"Ангарск",
				"Байкальск",
				"Бирюсинск",
				"Бодайбо",
				"Братск",
				"Вихоревка",
				"Железногорск-Илимский",
				"Зима",
				"Иркутск",
				"Киренск",
				"Нижнеудинск",
				"Саянск",
				"Свирск",
				"Слюдянка",
				"Тайшет",
				"Тулун",
				"Усолье-Сибирское",
				"Усть-Илимск",
				"Усть-Кут",
				"Черемхово",
				"Шелехов"
			]
		},
		{
			"name" : "Кабардино-Балкария",
			"children" : [
				"Баксан",
				"Майский",
				"Нальчик",
				"Нарткала",
				"Прохладный",
				"Терек",
				"Тырныауз",
				"Чегем"
			]
		},
		{
			"name" : "Калининградская область",
			"children" : [
				"Багратионовск",
				"Балтийск",
				"Гвардейск",
				"Гурьевск",
				"Гусев",
				"Зеленоградск",
				"Калининград",
				"Краснознаменск",
				"Ладушкин",
				"Мамоново",
				"Неман",
				"Нестеров",
				"Озёрск",
				"Пионерский",
				"Полесск",
				"Правдинск",
				"Светлогорск",
				"Светлый",
				"Славск",
				"Советск",
				"Черняховск",
				"Приморск"
			]
		},
		{
			"name" : "Калмыкия",
			"children" : [
				"Городовиковск",
				"Лагань",
				"Элиста"
			]
		},
		{
			"name" : "Калужская область",
			"children" : [
				"Балабаново",
				"Белоусово",
				"Боровск",
				"Ермолино",
				"Жиздра",
				"Жуков",
				"Калуга",
				"Киров",
				"Козельск",
				"Кондрово",
				"Кремёнки",
				"Людиново",
				"Малоярославец",
				"Медынь",
				"Мещовск",
				"Мосальск",
				"Обнинск",
				"Сосенский",
				"Спас-Деменск",
				"Сухиничи",
				"Таруса",
				"Юхнов"
			]
		},
		{
			"name" : "Камчатский край",
			"children" : [
				"Вилючинск",
				"Елизово",
				"Петропавловск-Камчатский"
			]
		},
		{
			"name" : "Карачаево-Черкесия",
			"children" : [
				"Карачаевск",
				"Теберда",
				"Усть-Джегута",
				"Черкесск"
			]
		},
		{
			"name" : "Карелия",
			"children" : [
				"Беломорск",
				"Кемь",
				"Кондопога",
				"Костомукша",
				"Лахденпохья",
				"Медвежьегорск",
				"Олонец",
				"Петрозаводск",
				"Питкяранта",
				"Пудож",
				"Сегежа",
				"Сортавала",
				"Суоярви"
			]
		},
		{
			"name" : "Кемеровская область",
			"children" : [
				"Анжеро-Судженск",
				"Белово",
				"Берёзовский",
				"Гурьевск",
				"Калтан",
				"Кемерово",
				"Киселёвск",
				"Ленинск-Кузнецкий",
				"Мариинск",
				"Междуреченск",
				"Мыски",
				"Новокузнецк",
				"Осинники",
				"Полысаево",
				"Прокопьевск",
				"Салаир",
				"Тайга",
				"Таштагол",
				"Топки",
				"Юрга"
			]
		},
		{
			"name" : "Кировская область",
			"children" : [
				"Белая Холуница",
				"Вятские Поляны",
				"Зуевка",
				"Киров",
				"Кирово-Чепецк",
				"Кирс",
				"Котельнич",
				"Луза",
				"Малмыж",
				"Мураши",
				"Нолинск",
				"Омутнинск",
				"Орлов",
				"Слободской",
				"Советск",
				"Сосновка",
				"Уржум",
				"Яранск"
			]
		},
		{
			"name" : "Коми",
			"children" : [
				"Воркута",
				"Вуктыл",
				"Емва",
				"Инта",
				"Микунь",
				"Печора",
				"Сосногорск",
				"Сыктывкар",
				"Усинск",
				"Ухта"
			]
		},
		{
			"name" : "Костромская область",
			"children" : [
				"Буй",
				"Волгореченск",
				"Галич",
				"Кологрив",
				"Кострома",
				"Макарьев",
				"Мантурово",
				"Нерехта",
				"Нея",
				"Солигалич",
				"Чухлома",
				"Шарья"
			]
		},
		{
			"name" : "Краснодарский край",
			"children" : [
				"Абинск",
				"Анапа",
				"Апшеронск",
				"Армавир",
				"Белореченск",
				"Геленджик",
				"Горячий Ключ",
				"Гулькевичи",
				"Ейск",
				"Кореновск",
				"Краснодар",
				"Кропоткин",
				"Крымск",
				"Курганинск",
				"Лабинск",
				"Новокубанск",
				"Новороссийск",
				"Приморско-Ахтарск",
				"Славянск-на-Кубани",
				"Сочи",
				"Темрюк",
				"Тимашёвск",
				"Тихорецк",
				"Туапсе",
				"Усть-Лабинск",
				"Хадыженск"
			]
		},
		{
			"name" : "Красноярский край",
			"children" : [
				"Артёмовск",
				"Ачинск",
				"Боготол",
				"Бородино",
				"Дивногорск",
				"Дудинка",
				"Енисейск",
				"Железногорск",
				"Заозёрный",
				"Зеленогорск",
				"Игарка",
				"Иланский",
				"Канск",
				"Кодинск",
				"Красноярск",
				"Лесосибирск",
				"Минусинск",
				"Назарово",
				"Норильск",
				"Сосновоборск",
				"Ужур",
				"Уяр",
				"Шарыпово"
			]
		},
		{
			"name" : "Курганская область",
			"children" : [
				"Далматово",
				"Катайск",
				"Курган",
				"Куртамыш",
				"Макушино",
				"Петухово",
				"Шадринск",
				"Шумиха",
				"Щучье"
			]
		},
		{
			"name" : "Курская область",
			"children" : [
				"Дмитриев",
				"Железногорск",
				"Курск",
				"Курчатов",
				"Льгов",
				"Обоянь",
				"Рыльск",
				"Суджа",
				"Фатеж",
				"Щигры"
			]
		},
		{
			"name" : "Ленинградская область",
			"children" : [
				"Бокситогорск",
				"Волосово",
				"Волхов",
				"Всеволожск",
				"Выборг",
				"Высоцк",
				"Гатчина",
				"Ивангород",
				"Каменногорск",
				"Кингисепп",
				"Кириши",
				"Кировск",
				"Коммунар",
				"Лодейное Поле",
				"Луга",
				"Любань",
				"Никольское",
				"Новая Ладога",
				"Отрадное",
				"Пикалёво",
				"Подпорожье",
				"Приморск",
				"Приозерск",
				"Светогорск",
				"Сертолово",
				"Сланцы",
				"Сосновый Бор",
				"Сясьстрой",
				"Тихвин",
				"Тосно",
				"Шлиссельбург"
			]
		},
		{
			"name" : "Липецкая область",
			"children" : [
				"Грязи",
				"Данков",
				"Елец",
				"Задонск",
				"Лебедянь",
				"Липецк",
				"Усмань",
				"Чаплыгин"
			]
		},
		{
			"name" : "Магаданская область",
			"children" : [
				"Магадан",
				"Сусуман"
			]
		},
		{
			"name" : "Марий Эл",
			"children" : [
				"Волжск",
				"Звенигово",
				"Йошкар-Ола",
				"Козьмодемьянск"
			]
		},
		{
			"name" : "Мордовия",
			"children" : [
				"Ардатов",
				"Инсар",
				"Ковылкино",
				"Краснослободск",
				"Рузаевка",
				"Саранск",
				"Темников"
			]
		},
		{
			"name" : "Москва",
			"children" : [
				"Москва",
				"Московский",
				"Троицк",
				"Щербинка"
			]
		},
		{
			"name" : "Московская область",
			"children" : [
				"Апрелевка",
				"Балашиха",
				"Бронницы",
				"Верея",
				"Видное",
				"Волоколамск",
				"Воскресенск",
				"Высоковск",
				"Голицыно",
				"Дедовск",
				"Дзержинский",
				"Дмитров",
				"Долгопрудный",
				"Домодедово",
				"Дрезна",
				"Дубна",
				"Егорьевск",
				"Железнодорожный",
				"Жуковский",
				"Зарайск",
				"Звенигород",
				"Ивантеевка",
				"Истра",
				"Кашира",
				"Климовск",
				"Клин",
				"Коломна",
				"Котельники",
				"Королёв",
				"Красноармейск",
				"Красногорск",
				"Краснозаводск",
				"Краснознаменск",
				"Кубинка",
				"Куровское",
				"Ликино-Дулёво",
				"Лобня",
				"Лосино-Петровский",
				"Луховицы",
				"Лыткарино",
				"Люберцы",
				"Можайск",
				"Мытищи",
				"Наро-Фоминск",
				"Ногинск",
				"Одинцово",
				"Ожерелье",
				"Озёры",
				"Орехово-Зуево",
				"Павловский Посад",
				"Пересвет",
				"Подольск",
				"Протвино",
				"Пушкино",
				"Пущино",
				"Раменское",
				"Реутов",
				"Рошаль",
				"Руза",
				"Сергиев Посад",
				"Серпухов",
				"Солнечногорск",
				"Старая Купавна",
				"Ступино",
				"Талдом",
				"Фрязино",
				"Химки",
				"Хотьково",
				"Черноголовка",
				"Чехов",
				"Шатура",
				"Щёлково",
				"Электрогорск",
				"Электросталь",
				"Электроугли",
				"Юбилейный",
				"Яхрома"
			]
		},
		{
			"name" : "Мурманская область",
			"children" : [
				"Апатиты",
				"Гаджиево",
				"Заозёрск",
				"Заполярный",
				"Кандалакша",
				"Кировск",
				"Ковдор",
				"Кола",
				"Мончегорск",
				"Мурманск",
				"Оленегорск",
				"Островной",
				"Полярные Зори",
				"Полярный",
				"Североморск",
				"Снежногорск"
			]
		},
		{
			"name" : "Ненецкий Авт. Окр.",
			"children" : [
				"Нарьян-Мар"
			]
		},
		{
			"name" : "Нижегородская область",
			"children" : [
				"Арзамас",
				"Балахна",
				"Богородск",
				"Бор",
				"Ветлуга",
				"Володарск",
				"Ворсма",
				"Выкса",
				"Горбатов",
				"Городец",
				"Дзержинск",
				"Заволжье",
				"Княгинино",
				"Кстово",
				"Кулебаки",
				"Лукоянов",
				"Лысково",
				"Навашино",
				"Нижний Новгород",
				"Павлово",
				"Первомайск",
				"Перевоз",
				"Саров",
				"Семёнов",
				"Сергач",
				"Урень",
				"Чкаловск",
				"Шахунья"
			]
		},
		{
			"name" : "Новгородская область",
			"children" : [
				"Боровичи",
				"Валдай",
				"Великий Новгород",
				"Малая Вишера",
				"Окуловка",
				"Пестово",
				"Сольцы",
				"Старая Русса",
				"Холм",
				"Чудово"
			]
		},
		{
			"name" : "Новосибирская область",
			"children" : [
				"Барабинск",
				"Бердск",
				"Болотное",
				"Искитим",
				"Карасук",
				"Каргат",
				"Куйбышев",
				"Купино",
				"Новосибирск",
				"Обь",
				"Татарск",
				"Тогучин",
				"Черепаново",
				"Чулым"
			]
		},
		{
			"name" : "Омская область",
			"children" : [
				"Исилькуль",
				"Калачинск",
				"Называевск",
				"Омск",
				"Тара",
				"Тюкалинск"
			]
		},
		{
			"name" : "Оренбургская область",
			"children" : [
				"Абдулино",
				"Бугуруслан",
				"Бузулук",
				"Гай",
				"Кувандык",
				"Медногорск",
				"Новотроицк",
				"Оренбург",
				"Орск",
				"Соль-Илецк",
				"Сорочинск",
				"Ясный"
			]
		},
		{
			"name" : "Орловская область",
			"children" : [
				"Болхов",
				"Дмитровск",
				"Ливны",
				"Малоархангельск",
				"Мценск",
				"Новосиль",
				"Орёл"
			]
		},
		{
			"name" : "Пензенская область",
			"children" : [
				"Белинский",
				"Городище",
				"Заречный",
				"Каменка",
				"Кузнецк",
				"Нижний Ломов",
				"Никольск",
				"Пенза",
				"Сердобск",
				"Спасск",
				"Сурск"
			]
		},
		{
			"name" : "Пермский край",
			"children" : [
				"Александровск",
				"Березники",
				"Верещагино",
				"Горнозаводск",
				"Гремячинск",
				"Губаха",
				"Добрянка",
				"Кизел",
				"Красновишерск",
				"Краснокамск",
				"Кудымкар",
				"Кунгур",
				"Лысьва",
				"Нытва",
				"Оса",
				"Оханск",
				"Очёр",
				"Пермь",
				"Соликамск",
				"Усолье",
				"Чайковский",
				"Чердынь",
				"Чёрмоз",
				"Чернушка",
				"Чусовой"
			]
		},
		{
			"name" : "Приморский край",
			"children" : [
				"Арсеньев",
				"Артём",
				"Большой Камень",
				"Владивосток",
				"Дальнегорск",
				"Дальнереченск",
				"Лесозаводск",
				"Находка",
				"Партизанск",
				"Спасск-Дальний",
				"Уссурийск",
				"Фокино"
			]
		},
		{
			"name" : "Псковская область",
			"children" : [
				"Великие Луки",
				"Гдов",
				"Дно",
				"Невель",
				"Новоржев",
				"Новосокольники",
				"Опочка",
				"Остров",
				"Печоры",
				"Порхов",
				"Псков",
				"Пустошка",
				"Пыталово",
				"Себеж"
			]
		},
		{
			"name" : "Ростовская область",
			"children" : [
				"Азов",
				"Аксай",
				"Батайск",
				"Белая Калитва",
				"Волгодонск",
				"Гуково",
				"Донецк",
				"Зверево",
				"Зерноград",
				"Каменск-Шахтинский",
				"Константиновск",
				"Красный Сулин",
				"Миллерово",
				"Морозовск",
				"Новочеркасск",
				"Новошахтинск",
				"Пролетарск",
				"Ростов-на-Дону",
				"Сальск",
				"Семикаракорск",
				"Таганрог",
				"Цимлянск",
				"Шахты"
			]
		},
		{
			"name" : "Рязанская область",
			"children" : [
				"Касимов",
				"Кораблино",
				"Михайлов",
				"Новомичуринск",
				"Рыбное",
				"Ряжск",
				"Рязань",
				"Сасово",
				"Скопин",
				"Спас-Клепики",
				"Спасск-Рязанский",
				"Шацк"
			]
		},
		{
			"name" : "Самарская область",
			"children" : [
				"Жигулёвск",
				"Кинель",
				"Нефтегорск",
				"Новокуйбышевск",
				"Октябрьск",
				"Отрадный",
				"Похвистнево",
				"Самара",
				"Сызрань",
				"Тольятти",
				"Чапаевск"
			]
		},
		{
			"name" : "Санкт-Петербург",
			"children" : [
				"Зеленогорск",
				"Колпино",
				"Красное Село",
				"Кронштадт",
				"Ломоносов",
				"Павловск",
				"Петергоф",
				"Пушкин",
				"Санкт-Петербург",
				"Сестрорецк"
			]
		},
		{
			"name" : "Саратовская область",
			"children" : [
				"Аркадак",
				"Аткарск",
				"Балаково",
				"Балашов",
				"Вольск",
				"Ершов",
				"Калининск",
				"Красноармейск",
				"Красный Кут",
				"Маркс",
				"Новоузенск",
				"Петровск",
				"Пугачёв",
				"Ртищево",
				"Саратов",
				"Хвалынск",
				"Шиханы",
				"Энгельс"
			]
		},
		{
			"name" : "Сахалинская область",
			"children" : [
				"Александровск-Сахалинский",
				"Анива",
				"Долинск",
				"Корсаков",
				"Курильск",
				"Макаров",
				"Невельск",
				"Оха",
				"Поронайск",
				"Северо-Курильск",
				"Томари",
				"Углегорск",
				"Холмск",
				"Шахтёрск",
				"Южно-Сахалинск"
			]
		},
		{
			"name" : "Свердловская область",
			"children" : [
				"Алапаевск",
				"Арамиль",
				"Артёмовский",
				"Асбест",
				"Берёзовский",
				"Богданович",
				"Верхний Тагил",
				"Верхняя Пышма",
				"Верхняя Салда",
				"Верхняя Тура",
				"Верхотурье",
				"Волчанск",
				"Дегтярск",
				"Екатеринбург",
				"Заречный",
				"Ивдель",
				"Ирбит",
				"Каменск-Уральский",
				"Камышлов",
				"Карпинск",
				"Качканар",
				"Кировград",
				"Краснотурьинск",
				"Красноуральск",
				"Красноуфимск",
				"Кушва",
				"Лесной",
				"Михайловск",
				"Невьянск",
				"Нижние Серги",
				"Нижний Тагил",
				"Нижняя Салда",
				"Нижняя Тура",
				"Новая Ляля",
				"Новоуральск",
				"Первоуральск",
				"Полевской",
				"Ревда",
				"Реж",
				"Североуральск",
				"Серов",
				"Среднеуральск",
				"Сухой Лог",
				"Сысерть",
				"Тавда",
				"Талица",
				"Туринск"
			]
		},
		{
			"name" : "Северная Осетия - Алания",
			"children" : [
				"Алагир",
				"Ардон",
				"Беслан",
				"Владикавказ",
				"Дигора",
				"Моздок"
			]
		},
		{
			"name" : "Смоленская область",
			"children" : [
				"Велиж",
				"Вязьма",
				"Гагарин",
				"Демидов",
				"Десногорск",
				"Дорогобуж",
				"Духовщина",
				"Ельня",
				"Починок",
				"Рославль",
				"Рудня",
				"Сафоново",
				"Смоленск",
				"Сычёвка",
				"Ярцево"
			]
		},
		{
			"name" : "Ставропольский край",
			"children" : [
				"Благодарный",
				"Будённовск",
				"Георгиевск",
				"Ессентуки",
				"Железноводск",
				"Зеленокумск",
				"Изобильный",
				"Ипатово",
				"Кисловодск",
				"Лермонтов",
				"Минеральные Воды",
				"Михайловск",
				"Невинномысск",
				"Нефтекумск",
				"Новоалександровск",
				"Новопавловск",
				"Пятигорск",
				"Светлоград",
				"Ставрополь"
			]
		},
		{
			"name" : "Тамбовская область",
			"children" : [
				"Жердевка",
				"Кирсанов",
				"Котовск",
				"Мичуринск",
				"Моршанск",
				"Рассказово",
				"Тамбов",
				"Уварово"
			]
		},
		{
			"name" : "Татарстан",
			"children" : [
				"Агрыз",
				"Азнакаево",
				"Альметьевск",
				"Арск",
				"Бавлы",
				"Болгар",
				"Бугульма",
				"Буинск",
				"Елабуга",
				"Заинск",
				"Зеленодольск",
				"Казань",
				"Лаишево",
				"Лениногорск",
				"Мамадыш",
				"Менделеевск",
				"Мензелинск",
				"Набережные Челны",
				"Нижнекамск",
				"Нурлат",
				"Тетюши",
				"Чистополь"
			]
		},
		{
			"name" : "Тверская область",
			"children" : [
				"Андреаполь",
				"Бежецк",
				"Белый",
				"Бологое",
				"Весьегонск",
				"Вышний Волочёк",
				"Западная Двина",
				"Зубцов",
				"Калязин",
				"Кашин",
				"Кимры",
				"Конаково",
				"Красный Холм",
				"Кувшиново",
				"Лихославль",
				"Нелидово",
				"Осташков",
				"Ржев",
				"Старица",
				"Тверь",
				"Торжок",
				"Торопец",
				"Удомля"
			]
		},
		{
			"name" : "Томская область",
			"children" : [
				"Асино",
				"Кедровый",
				"Колпашево",
				"Северск",
				"Стрежевой",
				"Томск"
			]
		},
		{
			"name" : "Тульская область",
			"children" : [
				"Алексин",
				"Белёв",
				"Богородицк",
				"Болохово",
				"Венёв",
				"Донской",
				"Ефремов",
				"Кимовск",
				"Киреевск",
				"Липки",
				"Новомосковск",
				"Плавск",
				"Суворов",
				"Тула",
				"Узловая",
				"Чекалин",
				"Щёкино",
				"Ясногорск",
				"Советск"
			]
		},
		{
			"name" : "Тыва",
			"children" : [
				"Ак-Довурак",
				"Кызыл",
				"Туран",
				"Чадан",
				"Шагонар"
			]
		},
		{
			"name" : "Тюменская область",
			"children" : [
				"Заводоуковск",
				"Ишим",
				"Тобольск",
				"Тюмень",
				"Ялуторовск"
			]
		},
		{
			"name" : "Удмуртия",
			"children" : [
				"Воткинск",
				"Глазов",
				"Ижевск",
				"Камбарка",
				"Можга",
				"Сарапул"
			]
		},
		{
			"name" : "Ульяновская область",
			"children" : [
				"Барыш",
				"Димитровград",
				"Инза",
				"Новоульяновск",
				"Сенгилей",
				"Ульяновск"
			]
		},
		{
			"name" : "Хабаровский край",
			"children" : [
				"Амурск",
				"Бикин",
				"Вяземский",
				"Комсомольск-на-Амуре",
				"Николаевск-на-Амуре",
				"Советская Гавань",
				"Хабаровск"
			]
		},
		{
			"name" : "Хакасия",
			"children" : [
				"Абаза",
				"Абакан",
				"Саяногорск",
				"Сорск",
				"Черногорск"
			]
		},
		{
			"name" : "Ханты-Мансийский авт. окр.",
			"children" : [
				"Белоярский",
				"Когалым",
				"Лангепас",
				"Лянтор",
				"Мегион",
				"Нефтеюганск",
				"Нижневартовск",
				"Нягань",
				"Покачи",
				"Пыть-Ях",
				"Радужный",
				"Советский",
				"Сургут",
				"Урай",
				"Ханты-Мансийск",
				"Югорск"
			]
		},
		{
			"name" : "Челябинская область",
			"children" : [
				"Аша",
				"Бакал",
				"Верхнеуральск",
				"Верхний Уфалей",
				"Еманжелинск",
				"Златоуст",
				"Карабаш",
				"Карталы",
				"Касли",
				"Катав-Ивановск",
				"Копейск",
				"Коркино",
				"Куса",
				"Кыштым",
				"Магнитогорск",
				"Миасс",
				"Миньяр",
				"Нязепетровск",
				"Озёрск",
				"Пласт",
				"Сатка",
				"Сим",
				"Снежинск",
				"Трёхгорный",
				"Троицк",
				"Усть-Катав",
				"Чебаркуль",
				"Челябинск",
				"Южноуральск",
				"Юрюзань"
			]
		},
		{
			"name" : "Чечня",
			"children" : [
				"Аргун",
				"Грозный",
				"Гудермес",
				"Урус-Мартан",
				"Шали"
			]
		},
		{
			"name" : "Чувашия",
			"children" : [
				"Алатырь",
				"Канаш",
				"Козловка",
				"Мариинский Посад",
				"Новочебоксарск",
				"Цивильск",
				"Чебоксары",
				"Шумерля",
				"Ядрин"
			]
		},
		{
			"name" : "Чукотский авт. окр.",
			"children" : [
				"Анадырь",
				"Билибино",
				"Певек"
			]
		},
		{
			"name" : "Якутия",
			"children" : [
				"Алдан",
				"Верхоянск",
				"Вилюйск",
				"Ленск",
				"Мирный",
				"Нерюнгри",
				"Нюрба",
				"Олёкминск",
				"Покровск",
				"Среднеколымск",
				"Томмот",
				"Удачный",
				"Якутск"
			]
		},
		{
			"name" : "Ямало-Ненецкий авт. окр.",
			"children" : [
				"Губкинский",
				"Лабытнанги",
				"Муравленко",
				"Надым",
				"Новый Уренгой",
				"Ноябрьск",
				"Салехард",
				"Тарко-Сале"
			]
		},
		{
			"name" : "Ярославская область",
			"children" : [
				"Гаврилов-Ям",
				"Данилов",
				"Любим",
				"Мышкин",
				"Переславль-Залесский",
				"Пошехонье",
				"Ростов",
				"Рыбинск",
				"Тутаев",
				"Углич",
				"Ярославль"
			]
		}
	]
}